phi,phi Er,fuel,oxidizer,blend,T_in,T,U,P,H2O,H2O Er,NO,NO Er,NO2,NO2 Er,N2O,N2O Er,NH3,NH3 Er,H2,H2 Er,O2,O2 Er,dynamic_viscosity,Re
0.70021,0,"NH3:0.7, H2:0.3","O2: 0.21, N2: 0.79",0.3,295.08,499.2096,0.27931,101325,239241.2827,18685.38227,7376.42058,493.1460641,177.5754485,33.12061124,-1.187420654,31.14640042,10.1885364,0.897625529,-0.119364214,0.622972202,4.926185018,0.83901988