,H2O,NO,NO2,N2O,NH3,H2,O2
Otomo,3.6559587968748914,6.612273974589614,2.4040093318820617,1.5668780516566776,11.815647306240033,8.730882514238461,0.9877988670970976
Wang,3.1587626092493153,14.471986809482003,0.5664442057311492,0.44056690539742005,3.451618327024571,5.508950186395695,0.8198283098197655
Gotama,3.5088408526503234,4.655189167717693,0.771700201173278,2.1142235097593716,7.136522062602515,10.90942561246927,0.726872051106397
Jiang,3.423815614560753,22.299877817362955,4.30561051726197,8.594511244163144,1049.4012758616645,24.432287122124507,0.896756125740301
UCSD,3.377259263509621,12.205062612517956,4.04126408370105,3.356089976240964,141.43599732315653,18.884481372172,0.7850546315358883
Nakamura,2.980092682645395,22.94891558491565,11.968470196829072,0.612053057967194,5.48460164379349,7.623867805864163,0.7158708343931437
Zhang,3.5511853345949436,2.4809597404484345,1.034748160758236,0.46926563505816843,3.065470723942137,10.93466766658723,0.8444629459515726
Okafor,3.819361734746415,4.039842786507315,1.7265563818438812,4.31195741597473,41.69267236256783,12.338830220106127,0.9766689162189665
