,H2O,NO,NO2,N2O,NH3,H2,O2
Otomo,2.1953683402277653,58.86898431331875,0.7730172507463194,0.09102785394992441,252.424398542221,1.672147851218936,0.25570921752985676
Wang,3.145063847969924,5.506100869491607,0.5214058329859063,6.956012200702811,126.10689133610009,2.327313888098067,0.17833601499139604
Gotama,3.271995372396526,35.46459039640398,1.162326024430541,9.855428720029254,122.3422676043984,1.9151842563838595,0.11499210011475931
Jiang,1.7819544953547417,104.45002035550954,1.4101113149381035,0.5356349431044336,11922.0861220391,4.667717243560765,0.1942545385433219
UCSD,1.8253490953383904,79.81516907323771,1.829530757499708,25.177098564100923,1186.5290597478624,3.5895857518368004,0.18589426134332288
Nakamura,2.36149114095449,796.7687306576797,1.1074959572577716,4.082090339303904,243.46942353787475,1.7384031405345086,0.1289078927394086
Zhang,3.21897841753022,99.14742296779248,0.9222704696813244,0.7102744548583615,137.0893139178424,1.850266361262816,0.13819500520017233
Okafor,2.1364634473352693,59.19338350483214,0.4667494040116919,0.040177583403981636,1135.007319763783,2.921550603271867,0.2702104491693187
