,H2O,NO,NO2,N2O,NH3,H2,O2
Otomo,2.195368340227771,58.86898431331876,0.7730172507463193,0.09102785394992438,252.424398542221,1.6721478512189352,0.2557092175298568
Wang,3.145063847969927,5.506100869491608,0.5214058329859063,6.9560122007028085,126.10689133610009,2.3273138880980646,0.17833601499139592
Gotama,3.271995372396527,35.46459039640398,1.1623260244305411,9.855428720029252,122.34226760439842,1.9151842563838586,0.11499210011475927
Jiang,1.7819544953547435,104.45002035550957,1.4101113149381037,0.5356349431044336,11922.086122039094,4.667717243560764,0.1942545385433219
UCSD,1.8253490953383924,79.81516907323771,1.829530757499708,25.177098564100923,1186.5290597478622,3.5895857518368004,0.18589426134332276
Nakamura,2.3614911409544925,796.7687306576795,1.1074959572577716,4.082090339303904,243.4694235378748,1.7384031405345077,0.1289078927394086
Zhang,3.2189784175302227,99.14742296779251,0.9222704696813248,0.7102744548583616,137.08931391784242,1.8502663612628143,0.13819500520017236
Okafor,2.136463447335272,59.19338350483216,0.46674940401169196,0.04017758340398163,1135.0073197637826,2.921550603271866,0.2702104491693188
