,NO,NO2,N2O,NH3,H2,O2
Otomo,4.323900907045563,1.1760397515315941,0.5024592810011993,288.91867814058566,21.792150798791265,0.5870853869885846
Wang,159.07972532564773,1.4813883580243052,0.9602104628446394,447.3291837874616,29.410870600382463,0.4921744134146634
Gotama,346.9396938091065,1.384381244357253,1.0115263620971304,425.88682017457313,22.290277018535285,0.38641249518416304
Vargas,30.840119749062524,2.4124404065410143,0.6870838630120799,399.95461435044444,26.502124646034183,0.4164550349990617
Jiang,17.784404290272512,1.223323393690585,2.9470070294555524,99979.79521296345,47.281131298299165,0.4334920248892942
UCSD,7.9314535995856685,1.1813537831064544,1.1046027890785655,6595.551087804536,39.06937113108869,0.41076791090647324
Nakamura,1061.773295267665,3.16189040162542,0.5336680653924261,518.364200652303,19.58647558912333,0.3923627865566538
Zhang,77.15582158653662,1.630286146688054,0.8979420583046881,492.54831355326644,31.32278842089497,0.5582786283126121
Okafor,15.074919169380138,1.3050782779230206,1.1467973668012965,597.8987522651754,30.626879333972756,0.496999524742679
