,H2O,NO,NO2,N2O,NH3,H2,O2
Otomo,4.950095569007859,33.62031869001936,19.995840843067036,0.48483715649281445,14.617462948033966,1.0578174126409148,4.758298025575197
Wang,5.116661799585996,22.8958283119363,7.6956435232109515,0.33083705523390305,7.902980832776407,0.8634241888607885,4.908955324156075
Gotama,9.440496436430484,3.9568148630383604,9.966771989373571,4.8944745329300074,100.95966582940972,3.980937870624506,3.3106485954696394
Jiang,10.183820360475195,52.338529389074004,14.19566106959348,12.585698272363738,258650.66667021182,32.1115757647036,3.0726696107415647
UCSD,9.118668795491693,25.950091122554266,30.964855342303686,7.300675472583432,71751.67372432607,22.10599870807631,3.657366772873328
Nakamura,5.933515820685973,34.576984606822506,54.937484993089505,0.05518764792436776,8.130233742988985,0.6033094425521147,4.92191108998867
Zhang,9.51778373901884,3.980299911576973,14.074896772948655,0.9192557076979035,187.57039379754877,4.900195229181087,4.233598636837058
Okafor,4.990944888337749,11.995015678489567,17.10750763067403,0.3591077843245639,64.59963376595779,0.8979257299583904,6.1908460986568885
