,H2O,NO,NO2,N2O,NH3,H2,O2
Otomo,3.6179902279687233,6.621039212574353,2.4046959150441185,1.5672672180609275,14.316296200397849,8.641139797535374,0.987806592523121
Wang,3.146263638175036,14.480058976885742,0.5667132161660597,0.4406389039581556,6.2045710975112245,5.653326920449495,0.8198413511364153
Gotama,5.047811543341193,4.579003136985967,0.7625892687935588,2.579373176034686,8.343296610672692,10.6568231361266,0.7185623423893711
Jiang,3.3858725405161594,22.33606405493463,4.3068085616574265,8.596900052189497,1334.4218560568686,24.58790034439975,0.8967702224975607
UCSD,3.3400849583139447,12.2272491170174,4.042268941081336,3.3561955852533565,149.05337611751185,19.000490824183277,0.7850643190545782
Nakamura,2.9641457470888954,22.99105153250008,11.970388242339073,0.6122394547817092,7.576278568430653,7.755803565785024,0.7158795867072969
Zhang,5.14088949994714,2.4370677274885835,1.0203641131250831,0.5625026702710724,4.38867854067232,10.691102636127384,0.8335254524069773
Okafor,3.7741228346422186,4.046793469859879,1.7270592354261307,4.312813602771587,44.25774691150568,12.35817513242691,0.976688633203382
