,H2O,NO,NO2,N2O,NH3,H2,O2,
Otomo,4.950095569,33.62031869,19.99584084,0.484837156,14.61746295,1.057817413,4.758298026,11.35495295
Wang,5.1166618,22.89582831,7.695643523,0.330837055,7.902980833,0.863424189,4.908955324,7.102047291
Gotama,9.440496436,3.956814863,9.966771989,4.894474533,100.9596658,3.980937871,3.310648595,19.50140145
Jiang,10.18382036,52.33852939,14.19566107,12.58569827,258650.6667,32.11157576,3.072669611,36967.87923
UCSD,9.118668795,25.95009112,30.96485534,7.300675473,71751.67372,22.10599871,3.657366773,10264.39591
Nakamura,5.933515821,34.57698461,54.93748499,0.055187648,8.130233743,0.603309443,4.92191109,15.59408962
Zhang,9.517783739,3.980299912,14.07489677,0.919255708,187.5703938,4.900195229,4.233598637,32.17091768
Okafor,4.990944888,11.99501568,17.10750763,0.359107784,64.59963377,0.89792573,6.190846099,15.16299737