phi,phi Er,fuel,blend,T_in,T,U,P,CO,CO Er,H2O,H2O Er,NO,NO Er,NO2,NO2 Er,N2O,N2O Er,NH3,NH3 Er,H2,H2 Er,O2,O2 Er,dynamic_viscosity,Re
1.270049456,0.006945996,"CH4: 0.612351787, NH3: 0.387648236",0.2NH3,297.3016611,466.1780731,0.233071336,102071.3232,138.5618711,140.8437193,310373.3406,10760.9716,5.889412016,12.15538264,10.71066513,4.946621178,0.973795829,2.432747482,6312.271538,192.8757215,7.751133515,0.584825357,0.230032388,0.303729449,2.04E-05,457.1615903
1.299417509,0.008168965,"CH4: 0.612351787, NH3: 0.387648237",0.2NH3,297.8965347,547.8965072,0.203682633,102071.3232,119.62221,148.9518956,312616.6643,15919.51895,6.349635284,14.89223927,2.305069769,5.955737412,0.827275909,3.067468864,6568.562406,298.9277047,7.301279807,0.409788885,0.172205588,0.372340001,2.05E-05,397.5788501
