P,phi Er,phi,blend_calculated,fuel,oxidizer,blend,T_in,U,T,CO2,CO2 Er,CO,CO Er,H2O,H2O Er,NO,NO Er,NO2,NO2 Er,N2O,N2O Er,NH3,NH3 Er,X_CH4,CH4 Er,HCN,HCN Er, HNCO,HNCO Er,HCHO,HCHO Er,H2,H2 Er,O2,O2 Er
101369.161,0.005673929,1.249214784,0.612186488,"NH3: 0.387813512333333, CH4: 0.612186487666667","O2: 0.21, N2: 0.79",0.2,297.4782447,0.464890224,626.8654403,51150.62753,1676.526488,34869.45701,824.4018178,211865.5053,7372.7576,2504.767018,251.6131823,0.867814147,11.36369707,3.974133633,11.3431402,3.816801708,0.506634303,-0.466905232,5.679241439,0.721195286,5.670695605,1.110930517,11.35038684,-0.012763634,11.3410363,1.931720348,0.798064168,-0.596754794,0.843547874
101381.382,0.012993268,1.299463785,0.612228501,"NH3: 0.38777149925, CH4: 0.61222850075","O2: 0.21, N2: 0.79",0.2,297.0887167,0.396846217,598.5576869,50273.7393,783.977609,46164.4304,752.3745896,205866.1854,5525.182688,104.3542089,10.73688381,2.173961986,11.62008816,6.777725607,11.55785633,792.3097531,78.1641788,0.722525743,5.776418897,669.9963289,11.7343993,16.58438234,11.61081328,1.998286094,11.55350366,3.165382677,1.992399627,0.572484341,3.618619497