P,phi Er,phi,blend_calculated,fuel,oxidizer,blend,T_in,U,T,CO2,CO2 Er,CO,CO Er,H2O,H2O Er,NO,NO Er,NO2,NO2 Er,N2O,N2O Er,NH3,NH3 Er,X_CH4,CH4 Er,HCN,HCN Er, HNCO,HNCO Er,HCHO,HCHO Er,H2,H2 Er,O2,O2 Er
99891.5085,0.008036791,1.249759585,0.208350253,"NH3: 0.791649747129796, CH4: 0.208350252870204","O2: 0.21, N2: 0.79",0.6,297.6526768,0.201252777,564.0263007,31776.18678,1974.150526,17072.91974,873.7718129,257900.6326,12225.11934,43.99056719,18.02902348,6.295714991,17.01344162,5.846354527,16.90559681,3521.289426,221.8757025,2.163210103,8.45858931,1237.511634,142.3264979,45.88117573,16.99329411,3.394127456,16.90018823,-1.209628359,0.3423293,-0.43628517,0.424311533
99258.229,0.007740343,1.300624365,0.208251111,"NH3: 0.791748888908856, CH4: 0.208251111091144","O2: 0.21, N2: 0.79",0.6,298.4695545,0.183971202,547.089934,30062.89686,2026.274396,18534.65739,798.2101742,255939.0174,13532.51644,11.93620665,9.222961182,10.54726185,18.21576175,4.888637862,18.18960466,6669.096325,350.1300947,6.448878451,9.102514763,2677.415601,125.908165,57.79236089,18.36920563,7.09666286,18.18779964,-1.794510195,0.370590112,-0.776694097,0.457577569