phi,phi Er,fuel,blend,oxidizer,T_in,T,U,P,CO,CO Er,H2O,H2O Er,NO,NO Er,NO2,NO2 Er,N2O,N2O Er,NH3,NH3 Er,O2,O2 Er,HCN,HCN Er,HNCO,HNCO Er,CO2,CO2 Er
1.199407704,0.005742647,"CH4: 0.612237581894819, NH3:0.387762418105181",0.2NH3,"O2: 0.21, N2: 0.79",297.7291096,629.8121144,0.538478856,101358.0505,27283.06475,2324.442056,211279.4473,10666.0163,4352.677006,201.9903173,2.760561805,16.67607646,5.907690666,16.61020352,2.552776337,0.427574103,-0.430933421,1.10059199,0.047359813,8.304435953,1.310681302,16.61548327,55053.74079,2376.924699