phi,phi Er,fuel,blend,oxidizer,T_in,T,U,P,CO,CO Er,H2O,H2O Er,NO,NO Er,NO2,NO2 Er,N2O,N2O Er,NH3,NH3 Er,O2,O2 Er,HCN,HCN Er,HNCO,HNCO Er,CO2,CO2 Er
1.299281624,0.013054853,"CH4:0.612224535086828 , NH3:0.387775464913172",0.2NH3,"O2: 0.21, N2: 0.79",297.3284152,595.1865371,0.395196882,101375.3824,46211.68,761.1337681,206103.769,6037.723924,107.806748,10.31749001,2.711579963,12.71734178,7.005025875,12.62744684,802.4389926,71.83756818,1.806605348,4.175874318,669.2526689,16.6307279,16.39111466,12.66781598,49492.9201,825.4896783