phi,phi Er,fuel,blend,oxidizer,T_in,T,U,P,CO,CO Er,H2O,H2O Er,NO,NO Er,NO2,NO2 Er,N2O,N2O Er,NH3,NH3 Er,O2,O2 Er,HCN,HCN Er,HNCO,HNCO Er,CO2,CO2 Er
0.850677808,0.004712958,"CH4: 0.612064452990133, NH3:0.387935547009867",0.2NH3,"O2: 0.21, N2: 0.79",296.9081258,586.2950378,0.524104857,101191.398,36.78501102,62.62554113,179294.8389,11221.99891,7468.868117,404.181407,151.5825546,20.53713251,-0.918290812,18.24069057,1.331690849,0.934229637,2.458752215,1.237178523,0.440774741,9.128239925,32.66580679,18.89597166,66696.62754,2533.361017
