Mech,Error
Otomo,158.79012732364095
Wang,1330.2005509109615
Gotama,1325.309984973771
Jiang,380.9636194211412
UCSD,109.63574100141177
Nakamura,2630.3774478075575
Zhang,296.29641488096286
Okafor,573.9786255855747
