,H2O,NO,NO2,N2O,NH3,H2
Otomo,7.272153210157711,73.54243771214186,0.0210233275221853,0.01832204486076887,15.19842329930155,9.807725288443205
Wang,7.568346928262216,468.36426459049164,0.05667260896579873,0.030318574173793786,14.5176911452928,8.287912744424343
Gotama,6.903260927588101,466.6503190279644,0.058750771774350875,0.024023310321595128,15.543499411543632,7.811390915972126
Jiang,6.234893915396688,6.550979777283392,0.021063448820773118,0.10981729818932255,212.00613030079634,29.052861540274264
UCSD,6.845889646468365,12.209494856175256,0.018238146603556795,0.019481765964020716,18.47857130076686,17.24619478472783
Nakamura,7.664663807607397,948.3083101862393,0.15490900150440307,0.02146585075377705,22.52010130334712,7.72209277838218
Zhang,7.177127085559241,130.04478912602056,0.019427273710825775,0.02109549226167961,13.913037528660043,10.440749792494664
Okafor,7.4519172049413545,190.3556974937243,0.054633089740949436,0.02330535436190574,8.203951854485265,9.152479597336736
